dish_id,restaurant_id,name,description,category,subcategory,price_pen,delivery_price_pen,portion,protein,ingredients,includes_drink,includes_side,includes_dessert,vegetarian,vegan,gluten_free,calories,protein_g,carbs_g,fat_g,availability,price_confidence,data_confidence,verified_at,source_url,notes
DISH-000001,REST-0002,Hamburguesa Clásica,"Hamburguesa a la parrilla con lechuga, tomate y mayonesa.",hamburguesa,hamburguesa_res,16.9,,regular,carne de res,"carne a la parrilla, lechuga, tomate, mayonesa",False,False,False,False,,,,,,,available,high,high,2026-09-05,https://exynia.com/precios-menu-bembos-peru/,Precio orientativo; puede variar según local.
DISH-000002,REST-0002,Hamburguesa Cheese,"Hamburguesa a la parrilla con lechuga, tomate, mayonesa y queso.",hamburguesa,hamburguesa_res,18.9,,regular,carne de res,"carne a la parrilla, queso, lechuga, tomate, mayonesa",False,False,False,False,,,,,,,available,high,high,2026-09-05,https://exynia.com/precios-menu-bembos-peru/,Precio orientativo; puede variar según local.
DISH-000003,REST-0002,Hamburguesa Royal,"Hamburguesa a la parrilla con huevo, queso Edam, tomate, lechuga y mayonesa.",hamburguesa,hamburguesa_res,18.9,,regular,carne de res,"carne, huevo, queso Edam, tomate, lechuga, mayonesa",False,False,False,False,,,,,,,available,high,high,2026-09-05,https://exynia.com/precios-menu-bembos-peru/,Precio orientativo; puede variar según local.
DISH-000004,REST-0002,Hamburguesa Queso Tocino,Hamburguesa con doble tocino y queso Edam.,hamburguesa,hamburguesa_res,18.9,,regular,carne de res,"carne, tocino, queso Edam, tomate, lechuga, mayonesa",False,False,False,False,,,,,,,available,high,high,2026-09-05,https://exynia.com/precios-menu-bembos-peru/,Precio orientativo; puede variar según local.
DISH-000005,REST-0002,Hamburguesa La Tumbay,"Hamburguesa con huevo frito, tocino, papas tumbay, chimichurri y lechuga.",hamburguesa,hamburguesa_res,20.9,,regular,carne de res,"carne, huevo, tocino, papas tumbay, chimichurri, lechuga",False,False,False,False,,,,,,,available,high,high,2026-09-05,https://exynia.com/precios-menu-bembos-peru/,Precio orientativo; puede variar según local.
DISH-000006,REST-0002,Hamburguesa Mexicana,"Hamburguesa con queso, guacamole, Doritos, tomate y mayonesa.",hamburguesa,hamburguesa_res,20.9,,regular,carne de res,"carne, queso, guacamole, Doritos, tomate, mayonesa",False,False,False,False,,,,,,,available,high,high,2026-09-05,https://exynia.com/precios-menu-bembos-peru/,Precio orientativo; puede variar según local.
DISH-000007,REST-0002,Hamburguesa A lo Pobre,"Hamburguesa con huevo frito, plátano frito, cebolla, tomate y mayonesa.",hamburguesa,hamburguesa_res,22.9,,regular,carne de res,"carne, huevo, plátano frito, cebolla, tomate, mayonesa",False,False,False,False,,,,,,,available,high,high,2026-09-05,https://exynia.com/precios-menu-bembos-peru/,Precio orientativo; puede variar según local.
DISH-000008,REST-0002,Hamburguesa Chicharronera,"Carne de res, chicharrón, camotes al hilo, cebolla morada y salsa de rocoto.",hamburguesa,hamburguesa_res,24.9,,regular,carne de res y cerdo,"carne, chicharrón, camote, cebolla morada, salsa de rocoto",False,False,False,False,,,,,,,available,high,high,2026-09-05,https://exynia.com/precios-menu-bembos-peru/,Precio orientativo; puede variar según local.
DISH-000009,REST-0002,Hamburguesa Huachana,"Hamburguesa con huevo, huachana, papas al hilo y mayonesa.",hamburguesa,hamburguesa_res,25.9,,regular,carne de res y embutido,"carne, huevo, huachana, papas al hilo, mayonesa",False,False,False,False,,,,,,,available,high,high,2026-09-05,https://exynia.com/precios-menu-bembos-peru/,Precio orientativo; puede variar según local.
DISH-000010,REST-0002,Bembroster Clásica,"Sándwich de pollo crocante con mayonesa, lechuga y tomate.",pollo,sandwich_pollo,15.9,,regular,pollo,"pollo crocante, mayonesa, lechuga, tomate",False,False,False,False,,,,,,,available,high,high,2026-09-05,https://exynia.com/precios-menu-bembos-peru/,Precio orientativo; puede variar según local.
DISH-000011,REST-0002,Pollo Parrillero,"Filete de pollo a la parrilla con papas al hilo, mayonesa, lechuga y tomate.",pollo,sandwich_pollo,16.9,,regular,pollo,"pollo a la parrilla, papas al hilo, mayonesa, lechuga, tomate",False,False,False,False,,,,,,,available,high,high,2026-09-05,https://exynia.com/precios-menu-bembos-peru/,Precio orientativo; puede variar según local.
DISH-000012,REST-0002,Burger Menú,"Hamburguesa a la parrilla con papas, huevo frito, arroz y ensalada.",menu_economico,menu_completo,15.9,,,carne de res,"hamburguesa, papas fritas, huevo, arroz, ensalada",False,True,False,False,,,,,,,available,high,high,2026-09-05,https://exynia.com/precios-menu-bembos-peru/,Precio orientativo; puede variar según local.
DISH-000013,REST-0002,Menú Pechugón,"Pollo a la parrilla con papas, arroz y ensalada.",menu_economico,menu_completo,17.9,,,pollo,"pollo a la parrilla, papas fritas, arroz, ensalada",False,True,False,False,,,,,,,available,high,high,2026-09-05,https://exynia.com/precios-menu-bembos-peru/,Precio orientativo; puede variar según local.
DISH-000014,REST-0002,Papas Fritas,Papas fritas con opción de agrandar porción.,snack,acompanamiento,6.9,,,,papas,False,False,False,True,,,,,,,available,high,high,2026-09-05,https://exynia.com/precios-menu-bembos-peru/,Precio orientativo; puede variar según local.
DISH-000015,REST-0002,Salchipapa,Porción familiar de papas fritas con hot dog.,snack,salchipapa,10.9,,familiar,salchicha,"papas fritas, hot dog",False,False,False,False,,,,,,,available,high,high,2026-09-05,https://exynia.com/precios-menu-bembos-peru/,Precio orientativo; puede variar según local.
DISH-000016,REST-0002,Nuggets,Nuggets de pollo empanizados.,snack,pollo,12.9,,,pollo,pollo empanizado,False,False,False,False,,,,,,,available,high,high,2026-09-05,https://exynia.com/precios-menu-bembos-peru/,Precio orientativo; puede variar según local.
DISH-000017,REST-0002,Sundae Chocoteja,"Helado con manjar blanco, pecanas y chocolate crocante.",postre,helado,7.9,,,,"helado, manjar blanco, pecanas, chocolate",False,False,True,True,,,,,,,available,high,high,2026-09-05,https://exynia.com/precios-menu-bembos-peru/,Precio orientativo; puede variar según local.
DISH-000018,REST-0002,Combo Bembroster Clásica,"Sándwich de pollo crocante, papas y gaseosa personal.",fast_food,combo,20.9,,,pollo,"pollo crocante, papas, gaseosa",True,True,False,False,,,,,,,available,high,high,2026-09-05,https://exynia.com/precios-menu-bembos-peru/,Precio orientativo; puede variar según local.
DISH-000019,REST-0002,Combo Clásica,Hamburguesa clásica con papa mediana y gaseosa 500 ml.,hamburguesa,combo,22.9,,,carne de res,"hamburguesa, papas, gaseosa",True,True,False,False,,,,,,,available,high,high,2026-09-05,https://exynia.com/precios-menu-bembos-peru/,Precio orientativo; puede variar según local.
DISH-000020,REST-0002,Personal Clásica,Hamburguesa Clásica regular con papa mediana.,hamburguesa,promocion,12.9,,,carne de res,"hamburguesa clásica, papa mediana",False,True,False,False,,,,,,,available,high,high,2026-09-05,https://exynia.com/precios-menu-bembos-peru/,Precio orientativo; puede variar según local.
DISH-000021,REST-0003,Arroz Chaufa de Pollo,Arroz chaufa de pollo.,chifa,arroz_chaufa,15.9,,,pollo,"arroz, pollo, huevo, cebolla china",False,False,False,False,,,,,,,available,high,high,2026-09-05,https://www.chinawok.com.pe/menu,Precio publicado en menú oficial; promociones sujetas a vigencia.
DISH-000022,REST-0003,Tallarín Taypá,Tallarín Taypá.,chifa,tallarin,16.9,,,pollo,"tallarín, pollo, verduras",False,False,False,False,,,,,,,available,high,high,2026-09-05,https://www.chinawok.com.pe/menu,Precio publicado en menú oficial; promociones sujetas a vigencia.
DISH-000023,REST-0003,Tallarín Saltado,Tallarín saltado.,chifa,tallarin,17.9,,,pollo,"tallarín, pollo, verduras",False,False,False,False,,,,,,,available,high,high,2026-09-05,https://www.chinawok.com.pe/menu,Precio publicado en menú oficial; promociones sujetas a vigencia.
DISH-000024,REST-0003,Mandarin,"Pollo Mandarin, ligeramente picante.",chifa,pollo_oriental,19.9,,,pollo,"pollo, salsa mandarin",False,False,False,False,,,,,,,available,high,high,2026-09-05,https://www.chinawok.com.pe/menu,Precio publicado en menú oficial; promociones sujetas a vigencia.
DISH-000025,REST-0003,Honey Chicken,Pollo Honey Chicken dulce.,chifa,pollo_oriental,19.9,,,pollo,"pollo, salsa dulce honey",False,False,False,False,,,,,,,available,high,high,2026-09-05,https://www.chinawok.com.pe/menu,Precio publicado en menú oficial; promociones sujetas a vigencia.
DISH-000026,REST-0003,Tipakay,Pollo Tipakay dulce.,chifa,pollo_oriental,19.9,,,pollo,"pollo, salsa tipakay",False,False,False,False,,,,,,,available,high,high,2026-09-05,https://www.chinawok.com.pe/menu,Precio publicado en menú oficial; promociones sujetas a vigencia.
DISH-000027,REST-0003,Chi Jau Kay,Pollo Chi Jau Kay salado.,chifa,pollo_oriental,19.9,,,pollo,"pollo, salsa chi jau kay",False,False,False,False,,,,,,,available,high,high,2026-09-05,https://www.chinawok.com.pe/menu,Precio publicado en menú oficial; promociones sujetas a vigencia.
DISH-000028,REST-0003,Combo Chaufa,Arroz Chaufa de Pollo con gaseosa de 500 ml.,chifa,combo,16.9,,,pollo,"arroz chaufa de pollo, gaseosa 500 ml",True,False,False,False,,,,,,,available,high,high,2026-09-05,https://www.chinawok.com.pe/menu,Precio publicado en menú oficial; promociones sujetas a vigencia.
DISH-000029,REST-0003,Combo Tallarín Taypá,Tallarín Taypá con gaseosa de 500 ml.,chifa,combo,17.9,,,pollo,"tallarín taypá, gaseosa 500 ml",True,False,False,False,,,,,,,available,high,high,2026-09-05,https://www.chinawok.com.pe/menu,Precio publicado en menú oficial; promociones sujetas a vigencia.
DISH-000030,REST-0003,Combo Combinado,Combinado Taypá con gaseosa de 500 ml.,chifa,combo,18.9,,,pollo,"combinado taypá, gaseosa 500 ml",True,False,False,False,,,,,,,available,high,high,2026-09-05,https://www.chinawok.com.pe/menu,Precio publicado en menú oficial; promociones sujetas a vigencia.
DISH-000031,REST-0003,Días Encájate Personal,Un Encájate a elección y gaseosa de 500 ml.,chifa,promocion,14.9,,,,"encájate a elección, gaseosa 500 ml",True,False,False,,,,,,,,available,high,high,2026-09-05,https://www.chinawok.com.pe/menu,Precio publicado en menú oficial; promociones sujetas a vigencia.
DISH-000032,REST-0003,Menú Encájate,"Un Encájate, dos wantanes o sopa personal y gaseosa de 500 ml.",chifa,combo,18.9,,,,"encájate, wantanes o sopa, gaseosa 500 ml",True,True,False,,,,,,,,available,high,high,2026-09-05,https://www.chinawok.com.pe/menu,Precio publicado en menú oficial; promociones sujetas a vigencia.
DISH-000033,REST-0003,Mostrazo Personal,"Broaster personal: arroz chaufa, papas, una pieza de pollo, salsa y gaseosa 500 ml.",pollo,combo,22.9,,personal,pollo,"pollo broaster, arroz chaufa, papas, salsa, gaseosa",True,True,False,False,,,,,,,available,high,high,2026-09-05,https://www.chinawok.com.pe/menu,Precio publicado en menú oficial; promociones sujetas a vigencia.
DISH-000034,REST-0003,2 Wantanes,Dos wantanes.,snack,acompanamiento,4.9,,2 unidades,,wantanes,False,False,False,,,,,,,,available,high,high,2026-09-05,https://www.chinawok.com.pe/menu,Precio publicado en menú oficial; promociones sujetas a vigencia.
DISH-000035,REST-0003,6 Wantanes,Seis wantanes.,snack,acompanamiento,9.9,,6 unidades,,wantanes,False,False,False,,,,,,,,available,high,high,2026-09-05,https://www.chinawok.com.pe/menu,Precio publicado en menú oficial; promociones sujetas a vigencia.
DISH-000036,REST-0003,2 Tequeños de Lomo,Dos tequeños de lomo.,snack,acompanamiento,5.9,,2 unidades,lomo,"tequeños, lomo",False,False,False,False,,,,,,,available,high,high,2026-09-05,https://www.chinawok.com.pe/menu,Precio publicado en menú oficial; promociones sujetas a vigencia.
DISH-000037,REST-0003,Inca Kola 500 ml,Gaseosa Inca Kola.,bebida,gaseosa,5.9,,500 ml,,Inca Kola,False,False,False,True,,,,,,,available,high,high,2026-09-05,https://www.chinawok.com.pe/menu,Precio publicado en menú oficial; promociones sujetas a vigencia.
DISH-000038,REST-0001,Americano,Shots de espresso con agua caliente.,cafe,cafe_caliente,11.0,,Tall,,"espresso, agua caliente",False,False,False,True,,,,,,,available,high,high,2026-09-05,https://exynia.com/precios-menu-starbucks-peru/,Precio Tall cuando corresponde; precios pueden variar por local.
DISH-000039,REST-0001,Latte,Espresso con leche vaporizada.,cafe,cafe_caliente,13.0,,Tall,,"espresso, leche vaporizada",False,False,False,True,,,,,,,available,high,high,2026-09-05,https://exynia.com/precios-menu-starbucks-peru/,Precio Tall cuando corresponde; precios pueden variar por local.
DISH-000040,REST-0001,Vainilla Latte,Latte con jarabe de vainilla.,cafe,cafe_caliente,14.5,,Tall,,"espresso, leche, jarabe de vainilla",False,False,False,True,,,,,,,available,high,high,2026-09-05,https://exynia.com/precios-menu-starbucks-peru/,Precio Tall cuando corresponde; precios pueden variar por local.
DISH-000041,REST-0001,Flat White,Espresso ristretto con leche vaporizada de microespuma.,cafe,cafe_caliente,15.0,,Tall,,"espresso ristretto, leche vaporizada",False,False,False,True,,,,,,,available,high,high,2026-09-05,https://exynia.com/precios-menu-starbucks-peru/,Precio Tall cuando corresponde; precios pueden variar por local.
DISH-000042,REST-0001,Caramel Macchiato,"Vainilla, leche vaporizada, espresso y salsa de caramelo.",cafe,cafe_caliente,15.5,,Tall,,"vainilla, leche, espresso, caramelo",False,False,False,True,,,,,,,available,high,high,2026-09-05,https://exynia.com/precios-menu-starbucks-peru/,Precio Tall cuando corresponde; precios pueden variar por local.
DISH-000043,REST-0001,Algarrobina Latte,Latte con algarrobina.,cafe,cafe_caliente,16.0,,Tall,,"espresso, leche, algarrobina",False,False,False,True,,,,,,,available,high,high,2026-09-05,https://exynia.com/precios-menu-starbucks-peru/,Precio Tall cuando corresponde; precios pueden variar por local.
DISH-000044,REST-0001,Black Cold Brew,"Café de infusión en frío durante 20 horas, sin azúcar.",cafe,cafe_frio,11.5,,Tall,,café cold brew,False,False,False,True,,,,,,,available,high,high,2026-09-05,https://exynia.com/precios-menu-starbucks-peru/,Precio Tall cuando corresponde; precios pueden variar por local.
DISH-000045,REST-0001,Café Frappuccino,"Base de café, leche y hielo licuados.",cafe,frappuccino,13.5,,Tall,,"café, leche, hielo",False,False,False,True,,,,,,,available,high,high,2026-09-05,https://exynia.com/precios-menu-starbucks-peru/,Precio Tall cuando corresponde; precios pueden variar por local.
DISH-000046,REST-0001,Té Chai Teavana,Té negro con especias.,bebida,te,10.0,,Tall,,"té negro, especias",False,False,False,True,,,,,,,available,high,high,2026-09-05,https://exynia.com/precios-menu-starbucks-peru/,Precio Tall cuando corresponde; precios pueden variar por local.
DISH-000047,REST-0001,Chocolate Caliente,Chocolate con leche vaporizada y crema chantilly.,bebida,chocolate,14.0,,Tall,,"chocolate, leche, crema chantilly",False,False,False,True,,,,,,,available,high,high,2026-09-05,https://exynia.com/precios-menu-starbucks-peru/,Precio Tall cuando corresponde; precios pueden variar por local.
DISH-000048,REST-0001,Croissant de Mantequilla,Croissant hojaldrado de mantequilla.,desayuno,panaderia,7.5,,,,"harina, mantequilla",False,False,False,True,,,,,,,available,high,high,2026-09-05,https://exynia.com/precios-menu-starbucks-peru/,Precio Tall cuando corresponde; precios pueden variar por local.
DISH-000049,REST-0001,Sándwich Eggmont,Sándwich de huevo.,desayuno,sandwich,13.5,,,huevo,"pan, huevo",False,False,False,False,,,,,,,available,high,high,2026-09-05,https://exynia.com/precios-menu-starbucks-peru/,Precio Tall cuando corresponde; precios pueden variar por local.
DISH-000050,REST-0001,Sándwich Chicken Panino,Panino de pollo.,sanducheria,sandwich_pollo,14.5,,,pollo,"panino, pollo",False,False,False,False,,,,,,,available,high,high,2026-09-05,https://exynia.com/precios-menu-starbucks-peru/,Precio Tall cuando corresponde; precios pueden variar por local.
DISH-000051,REST-0001,Egg Bites,Bocaditos de huevo horneados.,desayuno,huevo,10.0,,2 unidades,huevo,huevo,False,False,False,False,,,,,,,available,high,high,2026-09-05,https://exynia.com/precios-menu-starbucks-peru/,Precio Tall cuando corresponde; precios pueden variar por local.
DISH-000052,REST-0001,Galleta de Chocochips,Galleta con chispas de chocolate.,postre,galleta,7.5,,,,"harina, chocolate",False,False,True,True,,,,,,,available,high,high,2026-09-05,https://exynia.com/precios-menu-starbucks-peru/,Precio Tall cuando corresponde; precios pueden variar por local.
DISH-000053,REST-0001,Brownie Cookies & Creme,Brownie con galleta cookies and cream.,postre,brownie,9.5,,,,"chocolate, galleta",False,False,True,True,,,,,,,available,high,high,2026-09-05,https://exynia.com/precios-menu-starbucks-peru/,Precio Tall cuando corresponde; precios pueden variar por local.
DISH-000054,REST-0001,Torta de Chocolate,Porción de torta de chocolate.,postre,torta,13.5,,,,"chocolate, harina, crema",False,False,True,True,,,,,,,available,high,high,2026-09-05,https://exynia.com/precios-menu-starbucks-peru/,Precio Tall cuando corresponde; precios pueden variar por local.
DISH-000055,REST-0005,Maki Acevichado,"6 makis de langostino empanizado y palta, cubiertos con atún, salsa acevichada e hilos de camote.",sushi,maki,20.0,,6 piezas,langostino y atún,"langostino empanizado, palta, atún, salsa acevichada, camote",False,False,False,False,,,,,,,available,high,high,2026-09-05,https://exynia.com/precios-menu-sushi-pop-peru/,Precio de plataforma oficial; ubicación específica cerca de ULima requiere confirmación.
DISH-000056,REST-0005,Maki Furai,"6 makis rellenos de salmón, palta y queso crema.",sushi,maki,20.0,,6 piezas,salmón,"salmón, palta, queso crema",False,False,False,False,,,,,,,available,high,high,2026-09-05,https://exynia.com/precios-menu-sushi-pop-peru/,Precio de plataforma oficial; ubicación específica cerca de ULima requiere confirmación.
DISH-000057,REST-0005,Maki California,"6 makis rellenos de salmón, queso crema y palta.",sushi,maki,20.0,,6 piezas,salmón,"salmón, queso crema, palta, ajonjolí",False,False,False,False,,,,,,,available,high,high,2026-09-05,https://exynia.com/precios-menu-sushi-pop-peru/,Precio de plataforma oficial; ubicación específica cerca de ULima requiere confirmación.
DISH-000058,REST-0005,Maki A Lo Pobre,"6 makis de lomo, huevos endiablados, plátano frito y chalaquita.",sushi,maki,20.0,,6 piezas,lomo,"lomo, huevo, plátano frito, chalaquita",False,False,False,False,,,,,,,available,high,high,2026-09-05,https://exynia.com/precios-menu-sushi-pop-peru/,Precio de plataforma oficial; ubicación específica cerca de ULima requiere confirmación.
DISH-000059,REST-0005,Combinado x12,Escoge 2 sabores de makis; incluye palito y salsas.,sushi,combinado,29.0,,12 piezas,,"makis a elección, salsas",False,False,False,,,,,,,,available,high,high,2026-09-05,https://exynia.com/precios-menu-sushi-pop-peru/,Precio de plataforma oficial; ubicación específica cerca de ULima requiere confirmación.
DISH-000060,REST-0005,Combinado Tokio x18,"18 makis: acevichado, furai y california.",sushi,combinado,35.0,,18 piezas,salmón y langostino,"acevichado, furai, california, salsas",False,False,False,False,,,,,,,available,high,high,2026-09-05,https://exynia.com/precios-menu-sushi-pop-peru/,Precio de plataforma oficial; ubicación específica cerca de ULima requiere confirmación.
DISH-000061,REST-0005,Acevichado Poké,"Shari, bonito, palta, kiuri, ebi furai, chips de camote y salsa acevichada.",sushi,poke,28.0,,,bonito y langostino,"shari, bonito, palta, kiuri, ebi furai, camote, salsa acevichada",False,False,False,False,,,,,,,available,high,high,2026-09-05,https://exynia.com/precios-menu-sushi-pop-peru/,Precio de plataforma oficial; ubicación específica cerca de ULima requiere confirmación.
DISH-000062,REST-0005,Pollito Poké,"Pollo a la plancha, coleslaw, palta, ajonjolí y base a elección.",sushi,poke,30.0,,,pollo,"pollo a la plancha, coleslaw, palta, ajonjolí, base a elección",False,False,False,False,,,,,,,available,high,high,2026-09-05,https://exynia.com/precios-menu-sushi-pop-peru/,Precio de plataforma oficial; ubicación específica cerca de ULima requiere confirmación.
DISH-000063,REST-0005,Salsa Acevichada,Salsa acevichada a base de mayonesa y ponzu.,snack,salsa,3.0,,,,"mayonesa, ponzu",False,False,False,True,,,,,,,available,high,high,2026-09-05,https://exynia.com/precios-menu-sushi-pop-peru/,Precio de plataforma oficial; ubicación específica cerca de ULima requiere confirmación.
DISH-000064,REST-0005,Wasabi,Condimento picante.,snack,salsa,2.0,,,,wasabi,False,False,False,True,,,,,,,available,high,high,2026-09-05,https://exynia.com/precios-menu-sushi-pop-peru/,Precio de plataforma oficial; ubicación específica cerca de ULima requiere confirmación.
DISH-000065,REST-0005,Agua sin gas,Agua embotellada.,bebida,agua,5.0,,600 ml,,agua,False,False,False,True,,,,,,,available,high,high,2026-09-05,https://exynia.com/precios-menu-sushi-pop-peru/,Precio de plataforma oficial; ubicación específica cerca de ULima requiere confirmación.
DISH-000066,REST-0015,Menú Universitario ULima,"Menú económico del comedor: entrada (sopa o ensalada fresca), segundo criollo y refresco natural.",menu_economico,menu_completo,10.0,,completo,pollo o legumbres,"arroz, guiso de pollo o lentejas, ensalada fresca, papa, refresco",True,True,False,False,False,False,,,,,available,high,high,2026-09-05,https://www.ulima.edu.pe/,Tarifa oficial de menú universitario dentro del campus ULima.
DISH-000067,REST-0015,Menú Administrativo ULima,"Menú ejecutivo del campus: entrada especial (ensalada fresca, papa a la huancaína o sopa criolla), plato de fondo y bebida.",menu_economico,menu_completo,12.0,,completo,pollo o res,"arroz, ají de gallina o seco de res, ensalada fresca, papa a la huancaína, refresco",True,True,False,False,False,False,,,,,available,high,high,2026-09-05,https://www.ulima.edu.pe/,Tarifa oficial de menú administrativo dentro del campus ULima.
DISH-000068,REST-0015,Menú Dietético ULima,"Opción saludable del campus: ensalada fresca abundante, pechuga a la plancha o pescado al vapor y agua o infusión.",menu_economico,menu_completo,13.0,,completo,pechuga de pollo a la plancha,"pechuga de pollo a la plancha, ensalada fresca mixta, verduras al vapor, infusión",True,True,False,False,False,True,,,,,available,high,high,2026-09-05,https://www.ulima.edu.pe/,Tarifa oficial de menú dietético dentro del campus ULima.
DISH-000069,REST-0015,Lomo Saltado a la Carta,"Lomo fino salteado al wok con cebolla, tomate, papas fritas y arroz blanco.",pollo,plato_fuerte,16.0,,regular,carne de res,"lomo de res, cebolla, tomate, papas fritas, arroz, sillao",False,True,False,False,False,False,,,,,available,high,high,2026-09-05,https://www.ulima.edu.pe/,Plato a la carta en concesionario Alessar F2.
DISH-000070,REST-0015,Pechuga a la Plancha,Filete de pechuga de pollo a la plancha con papas doradas y ensalada fresca.,pollo,plato_fuerte,14.0,,regular,pechuga de pollo,"pechuga de pollo, papas doradas, lechuga, tomate, vinagreta",False,True,False,False,False,True,,,,,available,high,high,2026-09-05,https://www.ulima.edu.pe/,Plato a la carta en concesionario Alessar F2.
DISH-000071,REST-0015,Milanesa de Pollo,Milanesa de pollo crocante servida con papas fritas y arroz blanco.,pollo,plato_fuerte,15.0,,regular,pechuga de pollo,"pechuga de pollo apanada, papas fritas, arroz",False,True,False,False,False,False,,,,,available,high,high,2026-09-05,https://www.ulima.edu.pe/,Plato a la carta en concesionario Alessar F2.
DISH-000072,REST-0015,Tallarines Verdes con Milanesa,"Tallarines con salsa albahaca, espinaca y queso fresco, acompañados de milanesa de pollo.",pollo,tallarin,16.0,,regular,pechuga de pollo,"fideos, salsa verde de albahaca y espinaca, queso fresco, milanesa de pollo",False,False,False,False,False,False,,,,,available,high,high,2026-09-05,https://www.ulima.edu.pe/,Plato a la carta en concesionario Alessar F2.
DISH-000073,REST-0016,Menú Universitario Marianne,"Menú del día estudiantil: sopa de verduras, arroz tapado con carne o pollo, y chicha morada.",menu_economico,menu_completo,10.0,,completo,carne de res molida o pollo,"arroz, carne molida, huevo, aceituna, sopa de verduras, chicha morada",True,True,False,False,False,False,,,,,available,high,high,2026-09-05,https://www.ulima.edu.pe/,Comedor Marianne 02 - Campus ULima.
DISH-000074,REST-0016,Menú Administrativo Marianne,"Menú administrativo: ensalada mixta o tequeños, arroz con pollo criollo y bebida.",menu_economico,menu_completo,12.0,,completo,pollo,"arroz con pollo, cilantro, salsa criolla, ensalada fresca, refresco",True,True,False,False,False,False,,,,,available,high,high,2026-09-05,https://www.ulima.edu.pe/,Comedor Marianne 02 - Campus ULima.
DISH-000075,REST-0016,Menú Dietético Marianne,"Filete de pescado al vapor con verduras salteadas, porción de arroz y agua de manzana.",menu_economico,menu_completo,13.0,,completo,filete de pescado blanco,"pescado al vapor, verduras salteadas, arroz, agua de manzana",True,True,False,False,False,True,,,,,available,high,high,2026-09-05,https://www.ulima.edu.pe/,Comedor Marianne 02 - Campus ULima.
DISH-000076,REST-0016,Ají de Gallina Clásico,"Pechuga deshilachada en crema de ají amarillo, leche evaporada y queso, con papa y arroz.",pollo,plato_fuerte,14.0,,regular,pechuga de pollo,"pollo, ají amarillo, leche, queso fresco, papa sancochada, arroz",False,True,False,False,False,False,,,,,available,high,high,2026-09-05,https://www.ulima.edu.pe/,Comedor Marianne 02 - Campus ULima.
DISH-000077,REST-0017,Lasagna Bolognesa,"Capas de pasta rellenas de salsa boloñesa con carne de res, salsa blanca y queso gratinado.",chifa,plato_fuerte,15.0,,regular,carne de res,"pasta, salsa bolognesa de carne, salsa bechamel, queso mozzarella",False,False,False,False,False,False,,,,,available,high,high,2026-09-05,https://www.ulima.edu.pe/,Cayetana dentro del campus ULima.
DISH-000078,REST-0017,Spaguetti a la Huancaína con Lomo,Pasta al dente bañada en salsa huancaína artesanal con trozos de lomo saltado.,pollo,tallarin,16.0,,regular,lomo de res,"fideos, salsa huancaína, queso fresco, leche, lomo de res, cebolla",False,False,False,False,False,False,,,,,available,high,high,2026-09-05,https://www.ulima.edu.pe/,Cayetana dentro del campus ULima.
DISH-000079,REST-0017,Menú Ejecutivo Cayetana,"Entrada del día, plato criollo o pasta, y bebida natural.",menu_economico,menu_completo,12.0,,completo,pollo o carne,"guiso del día, ensalada, arroz, bebida",True,True,False,False,False,False,,,,,available,high,high,2026-09-05,https://www.ulima.edu.pe/,Cayetana dentro del campus ULima.
DISH-000080,REST-0018,Empanada de Carne Artesanal,"Empanada horneada rellena de carne picada sazonada con cebolla, huevo y aceituna.",snack,panaderia,6.0,,individual,carne de res,"harina, mantequilla, carne de res picada, cebolla, huevo",False,False,False,False,False,False,,,,,available,high,high,2026-09-05,https://www.ulima.edu.pe/,Jacinta y Cornelia - Campus ULima.
DISH-000081,REST-0018,Sándwich de Pollo al Apio,"Pan croissant o ciabatta con pechuga deshilachada, apio fresco y mayonesa suave.",sanducheria,sandwich_pollo,9.0,,individual,pechuga de pollo,"pan ciabatta, pollo, apio, mayonesa",False,False,False,False,False,False,,,,,available,high,high,2026-09-05,https://www.ulima.edu.pe/,Jacinta y Cornelia - Campus ULima.
DISH-000082,REST-0018,Quiche de Espinaca y Queso,"Tarta salada horneada con relleno de espinaca, crema y queso andino.",snack,panaderia,8.5,,individual,huevo y queso,"masa quebrada, espinaca, queso andino, huevo, crema de leche",False,False,False,True,False,False,,,,,available,high,high,2026-09-05,https://www.ulima.edu.pe/,Jacinta y Cornelia - Campus ULima.
DISH-000083,REST-0011,Smash Burger Simple,"Carne de res smash con queso cheddar fundido, pepinillos y salsa de la casa en pan brioche.",hamburguesa,hamburguesa_res,14.0,,regular,carne de res,"carne de res smash, queso cheddar, pan brioche, pepinillos, salsa",False,False,False,False,False,False,,,,,available,high,high,2026-09-05,https://www.ulima.edu.pe/,La Bendita Burger - Food court campus.
DISH-000084,REST-0011,Combo Smash con Papas,Smash burger con papas fritas crocantes y gaseosa personal.,hamburguesa,combo,17.5,,combo,carne de res,"carne de res smash, queso cheddar, papas fritas, gaseosa",True,True,False,False,False,False,,,,,available,high,high,2026-09-05,https://www.ulima.edu.pe/,La Bendita Burger - Food court campus.
DISH-000085,REST-0011,Burger Vegetariana de Lentejas,"Medallón casero de lentejas y champiñones con lechuga, tomate y palta.",hamburguesa,hamburguesa_res,14.0,,regular,lentejas y champiñones,"medallón de lentejas, champiñones, pan brioche, lechuga, tomate, palta",False,False,False,True,False,False,,,,,available,high,high,2026-09-05,https://www.ulima.edu.pe/,Opción vegetariana en La Bendita Burger.
DISH-000086,REST-0012,Bowl Proteico Lifegreen,"Quinoa tricolor, pechuga de pollo a las finas hierbas, palta, huevo duro y tomate cherry con vinagreta de limón.",ensalada,ensalada,14.0,,regular,pollo y huevo,"quinoa, pechuga de pollo grill, huevo, palta, tomate cherry, lechuga",False,False,False,False,False,True,,,,,available,high,high,2026-09-05,https://www.ulima.edu.pe/,Lifegreen saludable - Campus ULima.
DISH-000087,REST-0012,Wrap de Pollo y Palta,"Tortilla integral rellena de pollo deshilachado, palta, espinaca y hummus.",sanducheria,sandwich_pollo,11.0,,regular,pechuga de pollo,"tortilla integral, pechuga de pollo, palta, espinaca, hummus",False,False,False,False,False,False,,,,,available,high,high,2026-09-05,https://www.ulima.edu.pe/,Lifegreen saludable - Campus ULima.
DISH-000088,REST-0013,Ensalada Pasta Pesto & Pollo,"Penne rigate al dente con salsa pesto ligera, pollo a la parrilla, tomates secos y queso parmesano.",ensalada,ensalada,13.5,,regular,pollo grill,"pasta penne, salsa pesto, pollo grill, queso parmesano, tomate",False,False,False,False,False,False,,,,,available,high,high,2026-09-05,https://www.ulima.edu.pe/,Picadeli - Campus ULima.
DISH-000089,REST-0013,Panini de Pavita & Edam,Pan ciabatta caliente prensado con pechuga de pavita horneada y queso Edam derretido.,sanducheria,sandwich,10.5,,regular,pavita horneada,"pan ciabatta, pavita horneada, queso Edam, mayonesa ligera",False,False,False,False,False,False,,,,,available,high,high,2026-09-05,https://www.ulima.edu.pe/,Picadeli - Campus ULima.
DISH-000090,REST-0014,Jugo Especial de Frutas,"Jugo natural recién licuado con fresa, plátano, leche o naranja a elección.",desayuno,bebida,6.5,,regular,leche o frutas,"fresas, plátano, leche o zumo de naranja, miel",True,False,False,True,False,True,,,,,available,high,high,2026-09-05,https://www.ulima.edu.pe/,Freshit juguería - Campus ULima.
DISH-000091,REST-0014,Sándwich Mixto Prensado,Pan de molde tostado al punto con jamón inglés y queso Edam derretido.,desayuno,sandwich,5.5,,regular,jamón y queso,"pan de molde, jamón inglés, queso Edam, mantequilla",False,False,False,False,False,False,,,,,available,high,high,2026-09-05,https://www.ulima.edu.pe/,Freshit juguería - Campus ULima.
DISH-000092,REST-0004,Maki Acevichado x6,6 piezas de makis de langostino crocante y palta con salsa acevichada y togarashi.,sushi,maki,16.0,,6 piezas,langostino y atún,"arroz de sushi, langostino empanizado, palta, atún, salsa acevichada",False,False,False,False,False,False,,,,,available,high,high,2026-09-05,https://www.ulima.edu.pe/,Mr. Sushi - Food court ULima.
DISH-000093,REST-0004,Yakimeshi Especial de Pollo,"Arroz frito al estilo japonés salteado con pollo, verduras finas, huevo y aceite de ajonjolí.",sushi,arroz_chaufa,14.0,,regular,pollo y huevo,"arroz, pollo, verduras, huevo, sillao japonés, ajonjolí",False,False,False,False,False,False,,,,,available,high,high,2026-09-05,https://www.ulima.edu.pe/,Mr. Sushi - Food court ULima.
DISH-000094,REST-0006,Fridays Lunch Burger,"Hamburguesa con queso americano, lechuga, tomate y papas fritas sazonadas.",fast_food,hamburguesa_res,24.0,,regular,carne de res,"carne de res, queso americano, pan brioche, lechuga, tomate, papas fritas",False,True,False,False,False,False,,,,,available,medium,high,2026-09-05,https://www.tgifridays.pe/,TGI Fridays - Óvalo Monitor.
DISH-000095,REST-0006,Boneless Wings x8,8 trozos de pechuga de pollo crocante bañados en salsa Buffalo o BBQ con papas fritas.,pollo,pollo,22.0,,regular,pechuga de pollo,"pechuga de pollo empanizada, salsa bbq o buffalo, papas fritas",False,True,False,False,False,False,,,,,available,medium,high,2026-09-05,https://www.tgifridays.pe/,TGI Fridays - Óvalo Monitor.
DISH-000096,REST-0007,Lomo Saltado Tanta,"Lomo fino flameado al pisco con cebolla roja, tomate, ají amarillo, papas amarillas y arroz.",pollo,plato_fuerte,28.0,,regular,lomo fino de res,"lomo fino de res, cebolla morada, tomate, papas amarillas fritas, arroz con choclo",False,True,False,False,False,False,,,,,available,high,high,2026-09-05,https://www.tanta.pe/,Tanta - Cerca a ULima.
DISH-000097,REST-0007,Butifarra Criolla,Jamón del país artesanal en pan francés crocante con sarsa criolla de cebolla y lechuga.,sanducheria,sandwich,16.0,,individual,jamón del país,"pan francés, jamón del país, cebolla morada, ají amarillo, lechuga",False,False,False,False,False,False,,,,,available,high,high,2026-09-05,https://www.tanta.pe/,Tanta - Cerca a ULima.
DISH-000098,REST-0008,Hamburguesa Papacha,"Hamburguesa de 200g a la parrilla con tocino crocante, queso fundido, sarsa y papas rústicas.",hamburguesa,hamburguesa_res,26.0,,regular,carne de res,"carne de res, tocino, queso, lechuga, tomate, papas rústicas nativas",False,True,False,False,False,False,,,,,available,high,high,2026-09-05,https://www.papachos.com/,Papachos - Cerca a ULima.
DISH-000099,REST-0009,Menú Ejecutivo Rústica,"Menú con entrada criolla, plato de fondo (arroz chaufa, ají de gallina o pasta) y bebida.",menu_economico,menu_completo,14.0,,completo,pollo o carne,"pollo o carne, arroz, ensalada o sopa de entrada, refresco",True,True,False,False,False,False,,,,,available,high,high,2026-09-05,https://rustica.pe/,Rústica - Frente a ULima.
DISH-000100,REST-0009,Pizza Personal Americana,"Pizza a la leña con salsa de tomate pomodoro, queso mozzarella y jamón inglés.",fast_food,plato_fuerte,15.0,,personal,jamón y queso,"masa de pizza, salsa de tomate, queso mozzarella, jamón",False,False,False,False,False,False,,,,,available,high,high,2026-09-05,https://rustica.pe/,Rústica - Frente a ULima.
DISH-000101,REST-0010,Combo Mega Box 1 Pieza,"1 pieza de pollo frito receta original o crispy, papas fritas regulares y gaseosa personal.",pollo,combo,14.9,,combo,pollo frito,"pollo frito apanado, papas fritas, gaseosa",True,True,False,False,False,False,,,,,available,high,high,2026-09-05,https://www.kfc.com.pe/,KFC Javier Prado.
DISH-000102,REST-0010,Twister Clásico,"Tiras de pollo crispy en tortilla de trigo con lechuga, tomate y mayonesa.",sanducheria,sandwich_pollo,13.9,,regular,tiras de pechuga de pollo,"pollo empanizado, tortilla de trigo, lechuga, tomate, mayonesa",False,False,False,False,False,False,,,,,available,high,high,2026-09-05,https://www.kfc.com.pe/,KFC Javier Prado.
DISH-000103,REST-0019,Caldo de Gallina Tradicional,"Concentrado caldo de gallina con fideos gruesos, huevo duro, cebolla china y rocoto.",sopa,sopa,11.0,,regular,presa de gallina y huevo,"caldo de gallina, presa de gallina, fideos, huevo duro, cebolla china, limón",False,False,False,False,False,False,,,,,available,high,high,2026-09-05,https://www.ulima.edu.pe/,Refugio Gastronómico - Frente a ULima. Abierto hasta tarde.
DISH-000104,REST-0019,Pollo Broaster con Chaufa,Pieza de pollo broaster gigante servida con porción generosa de arroz chaufa y cremas.,pollo,plato_fuerte,12.0,,regular,pollo broaster,"pollo broaster, arroz chaufa, papas fritas, cremas",False,True,False,False,False,False,,,,,available,high,high,2026-09-05,https://www.ulima.edu.pe/,Refugio Gastronómico - Frente a ULima.
DISH-000105,REST-0020,Sanguchón de Pavo al Horno,Láminas de pavo jugoso al horno con sarsa criolla en pan francés gigante.,sanducheria,sandwich,11.0,,grande,pavo horneado,"pan francés artesanal, pavo horneado, sarsa criolla, lechuga",False,False,False,False,False,False,,,,,available,high,high,2026-09-05,https://www.ulima.edu.pe/,Full Sanguchón - Cerca Óvalo Monitor.
DISH-000106,REST-0020,Sándwich de Asado Criollo,Lonjas tiernas de asado de res en su jugo con cebolla caramelizada y crema de ají.,sanducheria,sandwich,11.5,,grande,asado de res,"pan francés, asado de res, jugo de carne, cebolla",False,False,False,False,False,False,,,,,available,high,high,2026-09-05,https://www.ulima.edu.pe/,Full Sanguchón - Cerca Óvalo Monitor.
DISH-000107,REST-0020,Hamburguesa Clásica al Paso,"Hamburguesa con papas al hilo, lechuga, tomate y variedad de cremas.",hamburguesa,hamburguesa_res,8.5,,regular,carne de res,"carne de res, papas al hilo, lechuga, tomate, mayonesa, ketchup",False,False,False,False,False,False,,,,,available,high,high,2026-09-05,https://www.ulima.edu.pe/,Full Sanguchón - Cerca Óvalo Monitor.
